Trajectories,Average Score,Median Score,Std Dev Score,Highest Score,Average Connections,Median Connections,Std Dev Connections,Fully Connected Iteration
4,3138.531428571429,3345.142857142857,1037.8882655996201,5569.571428571429,11.0,11.5,3.1240998703626617,0.0
5,3487.3857142857137,3588.857142857143,1304.2599485015655,6056.857142857143,12.5,13.0,3.971145930332956,0.0
6,4024.5542857142864,4118.142857142857,1313.8808033533362,6218.0,14.59,15.0,4.0720879165361845,0.0
7,4367.19,4593.428571428571,1217.413526921996,6764.285714285714,16.1,17.0,3.7986839826445156,0.0
Average,3754.415357142857,3911.392857142857,1218.3606360941294,6152.178571428572,13.547500000000001,14.125,3.7415044249690794,0.0
