Trajectories,Average Score,Median Score,Std Dev Score,Highest Score,Average Connections,Median Connections,Std Dev Connections,Fully Connected Iteration
4,2527.5424,2707.4285714285716,1234.6888232057413,6305.857142857143,9.0923,10.0,3.7630547046249543,0.0
5,2905.7082857142855,3057.5714285714284,1380.3097989591959,6823.142857142857,10.6462,11.0,4.260190789154871,0.0
6,3240.1260857142856,3430.357142857143,1491.7939678776927,6953.285714285714,12.0791,13.0,4.663458286507986,0.0
7,3559.9478714285715,3863.142857142857,1588.8358562510925,7428.571428571429,13.4776,14.0,5.02226027202892,0.0
Average,3058.331160714286,3264.625,1423.9071115734305,6877.714285714286,11.3238,12.0,4.427241013079183,0.0
