Trajectories,Average Score,Median Score,Std Dev Score,Highest Score,Average Connections,Median Connections,Std Dev Connections,Fully Connected Iteration
4,2893.3171428571427,3068.5714285714284,1152.0726274902313,4850.285714285714,10.27,11.0,3.4895701741045415,0.0
5,3437.0857142857135,3608.857142857143,1167.488900965466,6080.857142857143,12.36,13.0,3.5931045072471797,0.0
6,3852.132857142858,4082.642857142857,1314.9013957374314,5874.857142857143,14.09,15.0,4.08679581090125,0.0
7,4154.17,4569.928571428571,1507.9764330826438,7088.428571428571,15.4,17.0,4.696807426326951,0.0
Average,3584.1764285714285,3832.4999999999995,1285.6098393189432,5973.607142857143,13.03,14.0,3.9665694796449804,0.0
