Trajectories,Average Score,Median Score,Std Dev Score,Highest Score,Average Connections,Median Connections,Std Dev Connections,Fully Connected Iteration
4,2888.5790428571427,3077.5714285714284,1183.7499836007075,6284.857142857143,10.2469,11.0,3.5848766213079077,0.0
5,3363.041914285714,3580.857142857143,1302.209467796446,7158.285714285714,12.1192,13.0,3.9898109428893997,0.0
6,3719.4248428571427,4066.142857142857,1391.995818051855,7330.428571428571,13.6524,15.0,4.321408825834464,0.0
7,4072.9116285714285,4263.785714285714,1439.8174392831754,7788.714285714286,15.1993,16.0,4.520860483359335,0.0
Average,3510.989357142857,3747.0892857142853,1329.443177183046,7140.571428571428,12.804450000000001,13.75,4.104239218347777,0.0
